epoch,accuracy,auc,learning_rate,loss,val_accuracy,val_auc,val_loss
0,0.0,0.0,1.0000000116860974e-07,0.3991837799549103,0.7678571939468384,0.49064451456069946,0.3639738857746124
1,0.0,0.0,0.00033340000663883984,0.25567856431007385,0.8571428060531616,0.4358477294445038,0.1494036614894867
2,0.0,0.0,0.0006667000125162303,0.17581608891487122,0.8571428060531616,0.553874671459198,0.14256946742534637
3,0.0,0.0,0.0010000000474974513,0.17660382390022278,0.8571428060531616,0.4874645173549652,0.2908892035484314
4,0.0,0.0,0.0009504893678240478,0.17061379551887512,0.8571428060531616,0.45604395866394043,0.29922372102737427
5,0.0,0.0,0.0008117637480609119,0.15811769664287567,0.8571428060531616,0.4751702845096588,0.23595349490642548
6,0.0,0.0,0.000611299357842654,0.1395290642976761,0.8571428060531616,0.49258074164390564,0.18382637202739716
7,0.0,0.0,0.0003888006613124162,0.11914754658937454,0.8571428060531616,0.49400803446769714,0.14818455278873444
